SERVICEPACKAGECRMID,SERVICEPACKAGE,velocidad_final,conversion,cgnat,veloc_comercialbasico,Cablenet-Basico (Standard),256K,NO,SI,256diamante,Cablenet-Diamante (Standard),800K,NO,SI,800libre,Cablenet-Libre (Standard),400K,NO,SI,400premium,Cablenet-Premium (Standard),512K,NO,SI,512provisioning,Provisioning (Standard),01M,NO,SI,1000SGC_15M_R,SGC_15M_R (Standard),15M,NO,SI,15000SGC_20M_R,SGC_20M_R (Standard),20M,NO,SI,20000SGC_4000K_R,SGC_4000K_R (Standard),4M,NO,SI,4000SGC_8M_R,SGC_8M_R (Standard),8M,NO,SI,8000sin_servicio,Servicio Bloqueado (Standard),0M,NO,SI,0SP10M,SP10M (Standard),10M,NO,SI,10000SP1M,SP2M_UP10 (Standard),2M,SI,SI,2000SP200M_UP10,SP200M_UP10 (Standard),200M,NO,SI,200000SP20M,SP20M (Standard),20M,NO,SI,20000SP2M,SP2M (Standard),2M,NO,SI,2000SP_100M_UP ,SP_100M_UP (Standard),100M,NO,SI,100000SP30M,SP30M (Standard),30M,NO,SI,30000SP_M1_12MB,SP_M1_12MB (Standard),12M,NO,SI,12000SPM1_60M_P7,SPM1_60M_P7 (Standard),60M,NO,SI,60000SP_15M_UP,SP_15M_UP (Standard),15M,NO,SI,15000SP_1M_FUENTES,SP_1M_FUENTES (Standard),512K,NO,SI,512SP_M1_30MB
,SP_M1_30MB (Standard),30M,NO,SI,30000SP_60M_UP,SP_60M_UP (Standard),60M,NO,SI,60000SP_M1_15M,SP_M1_20M_U10 (Standard),20M,SI,SI,15000SP_M1_15M_ANT,SP_M1_15M_U10 (Standard),15M,NO,SI,15000SP_M1_14M,SP_M1_14M (Standard),14M,NO,SI,14000SP_M1_300_UP10,SP_M1_300_UP10 (Standard),300M,NO,SI,300000SP_M1_30M,SP_M1_30M (Standard),30M,NO,SI,30000SP4M ,SP4M (Standard),4M,NO,SI,4000SP_M1_60M,SP_M1_60M (Standard),60M,NO,SI,60000SP_M1_15M ,SP_M1_15M (Standard),15M,NO,SI,15000SP_20M_UP,SP_20M_UP (Standard),20M,NO,SI,20000SP_M1_8MX,SP_M1_15MB_U10 (Standard),15M,NO,SI,8000startnode,Startnode (Standard),60M,NO,SI,0SP_M1_8M ,SP_M1_8M (Standard),8M,NO,SI,8000SP_100M_UP10,SP_100M_UP10 (Standard),100M,NO,SI,100000SP_6M_UP10,SP_6M_UP10 (Standard),6M,NO,SI,6000SP_M1_600_UP10,SP_M1_600_UP10 (Standard),600M,NO,SI,600000SPM1_900_UP10,SPM1_900_UP10 (Standard),900M,NO,SI,900000NEG_20M_UP10,NEG_20M_UP10 (Standard),20M,NO,SI,20000NEG_100M_UP8,NEG_100M_UP8 (Standard),100M,NO,SI,100000SP_M2_UP10,SP_M2_UP10 (Standard),2M,NO,SI,2000SP_M1_100M
,SP_M1_100M (Standard),100M,NO,SI,100000SP_M1_15MB
,SP_M1_15MB (Standard),15M,NO,SI,15000SP_M1_20MB
,SP_M1_20MB (Standard),20M,NO,SI,20000SP_M1_60MB
,SP_M1_60MB (Standard),60M,NO,SI,60000SP30M_10UP,SP30M_10UP (Standard),30M,NO,SI,30000SP_M1_10MB
,SP_M1_10MB (Standard),10M,NO,SI,10000SP_10M_UP,SP_10M_UP (Standard),10M,NO,SI,10000SP_M1_40M,SP_M1_40M (Standard),40M,NO,SI,40000SP_M1_80M,SP_M1_80M (Standard),80M,NO,SI,80000SP_M1V,SP_M1V (Standard),256K,NO,SI,256NEG_30M_UP10,NEG_30M_UP10 (Standard),30M,NO,SI,30000NEG_60M_UP10,NEG_60M_UP10 (Standard),60M,NO,SI,60000SGC_60M_U10,SGC_60M_U10 (Standard),60M,NO,SI,60000SP_M1_40MB
,SP_M1_40MB
 (Standard),40M,NO,SI,40000SP_120MB_UP10,SP_120MB_UP10 (Standard),120M,NO,SI,120000PR_SP120M_UP06,PR_SP120M_UP06,120M,NO,SI,120000SP_M1_16M,SP_M1_16M (Standard),16M,NO,SI,16000SP_SN_TRAF,SP_SN_TRAF (Standard),64K,NO,SI,64SP4M_C,SP4M_C (Standard),4M,NO,SI,4000SP8M_C,SP8M_C (Standard),8M,NO,SI,8000SP10M_C,SP10M_C (Standard),10M,NO,SI,10000SP30M_C,SP30M_C (Standard),30M,NO,SI,30000SP40M_C,SP40M_C (Standard),40M,NO,SI,40000SP45M_C,SP45M_C (Standard),45M,NO,SI,45000SP60M_C,SP60M_C (Standard),60M,NO,SI,60000SP80M_C,SP80M_C (Standard),80M,NO,SI,80000SP100M_C,SP100M_C (Standard),100M,NO,SI,100000SP120M_C,SP120M_C (Standard),120M,NO,SI,120000SGC_10M_R,SGC_10M_R (Standard),10M,NO,SI,10000SP_45MB_UP10,SP_45MB_UP10 (Standard),45M,NO,SI,45000SP16M_C,SP16M_C (Standard),16M,NO,SI,16000SP15M_C,SP15M_C (Standard),15M,NO,SI,15000SP20M_C,SP20M_C (Standard),20M,NO,SI,20000SP6M_C,SP6M_C (Standard),6M,NO,SI,6000